id;variable;unit;value
1;Forward Granito Rodovia;global;synthesize Tocantins
2;infrastructures;Kuwait Associate channels;Interface SCSI
3;Dynamic;multi-byte firewall;Loan circuit
4;connect Lats;payment;Grande synthesize verde
5;Avenida deposit Checking;Jogos programming Rústico;castanho Loan esmeralda
6;enterprise;azul;Rua
7;Implemented preto Designer;Communications;program executive
8;haptic Lustroso Baht;deposit Cambridgeshire;alarm users indexing
9;capability Rodovia Loan;verde-azulado niches;Norte Interactions visualize
10;Avenida;Suécia;back-end cross-platform HTTP
